erp_txn_id,customer_name,txn_date,erp_gross,erp_fee,erp_tax,erp_net,gateway_txn_id,gw_gross,gw_fee,gw_tax,gw_net,bank_ref_no,bank_credit,bank_narration,utr,fee_delta,net_delta,status,sub_status,confidence,stage,reasoning,exception_reason,anomaly_hint
ERP-2026-0001,Rohan Sharma,2026-08-12,147790.62,2955.81,532.05,144302.76,pay_8MDD4V30T9NT3W,147790.62,2955.81,532.05,144302.76,BNK4226067,144302.76,RTGS/498837994177/RAZORPAYPAYMENTS/SETTLE,498837994177,0.0,0.0,MATCHED,EXACT_MATCH,99,1,"Exact match on ERP<->Gateway<->Bank. UTR=498837994177, Gross=INR 147,790.62, Net=INR 144,302.76, Bank credit=INR 144,302.76. Math valid (ERP delta=0.0, GW delta=0.0). No anomalies detected.",,NONE
ERP-2026-0002,Sanjay Bhat,2026-07-15,60474.14,1209.48,217.71,59046.95,pay_5NQ4FMYZYCWTIQ,60474.14,1209.48,217.71,59046.95,BNK4684531,59046.95,NEFT-804054194082-SanjayBhat-REF6-0002,804054194082,0.0,0.0,MATCHED,EXACT_MATCH,99,1,"Exact match on ERP<->Gateway<->Bank. UTR=804054194082, Gross=INR 60,474.14, Net=INR 59,046.95, Bank credit=INR 59,046.95. Math valid (ERP delta=0.0, GW delta=0.0). No anomalies detected.",,NONE
ERP-2026-0003,Dinesh Choudhary,2026-07-06,23349.78,467.0,84.06,22798.72,pay_6UZHR5XFF0T0PV,23349.78,467.0,84.06,22798.72,BNK3320821,22798.72,UPI/342072931479/DineshChoudhary/RAZORPAY,342072931479,0.0,0.0,MATCHED,EXACT_MATCH,99,1,"Exact match on ERP<->Gateway<->Bank. UTR=342072931479, Gross=INR 23,349.78, Net=INR 22,798.72, Bank credit=INR 22,798.72. Math valid (ERP delta=0.0, GW delta=0.0). No anomalies detected.",,NONE
ERP-2026-0004,Rahul Verma,2026-08-18,136937.86,2738.76,492.98,133706.12,pay_VNVQJT7YE511MK,136937.86,2705.62,492.98,133739.26,,0.0,,598895488714,33.14,0.0,EXCEPTION,MAJOR_FEE_VARIANCE,94,1,"Major gateway fee variance: ERP fee=INR 2,738.76, Gateway fee=INR 2,705.62, delta=INR 33.14. Exceeds auto-resolution threshold of INR 5.00. Requires manual review and possible gateway debit-note.",MAJOR_FEE_VARIANCE,A3
ERP-2026-0005,Rohan Sharma,2026-08-19,99132.75,1982.65,356.88,96793.22,pay_NF877VREN93IIU,99132.75,1982.65,356.88,96793.22,BNK9153566,96793.22,UPI/PAY/19053257/RP...,190532572167,0.0,0.0,MATCHED,EXACT_MATCH,99,1,"Exact match on ERP<->Gateway<->Bank. UTR=190532572167, Gross=INR 99,132.75, Net=INR 96,793.22, Bank credit=INR 96,793.22. Math valid (ERP delta=0.0, GW delta=0.0). No anomalies detected.",,A1
ERP-2026-0006,Aditya Srivastava,2026-07-01,94849.89,1897.0,341.46,92611.43,pay_SV871YZOYN6QIC,94849.89,1897.0,341.46,92611.43,BNK4860684,92611.43,UPI/744335435865/AdityaSrivastava/RAZORPAY,744335435865,0.0,0.0,MATCHED,EXACT_MATCH,99,1,"Exact match on ERP<->Gateway<->Bank. UTR=744335435865, Gross=INR 94,849.89, Net=INR 92,611.43, Bank credit=INR 92,611.43. Math valid (ERP delta=0.0, GW delta=0.0). No anomalies detected.",,NONE
ERP-2026-0007,Kavitha Reddy,2026-08-16,98191.6,1963.83,353.49,95874.28,pay_64CIYHE7UR23GD,98191.6,1963.83,353.49,95874.28,BNK8106470,95874.28,INB CREDIT KavithaReddy 488398407379,488398407379,0.0,0.0,MATCHED,EXACT_MATCH,99,1,"Exact match on ERP<->Gateway<->Bank. UTR=488398407379, Gross=INR 98,191.60, Net=INR 95,874.28, Bank credit=INR 95,874.28. Math valid (ERP delta=0.0, GW delta=0.0). No anomalies detected.",,NONE
ERP-2026-0008,Meera Agarwal,2026-07-14,25113.25,502.26,90.41,24520.58,pay_C02DGTFGQ5C34D,25113.25,502.26,90.41,24520.58,BNK7818496,24520.58,NEFT-281403868608-MeeraAgarwal-REF6-0008,281403868608,0.0,0.0,MATCHED,EXACT_MATCH,99,1,"Exact match on ERP<->Gateway<->Bank. UTR=281403868608, Gross=INR 25,113.25, Net=INR 24,520.58, Bank credit=INR 24,520.58. Math valid (ERP delta=0.0, GW delta=0.0). No anomalies detected.",,NONE
ERP-2026-0009,Dinesh Choudhary,2026-07-11,12476.66,249.53,44.92,12182.21,pay_J2QP89UZFK8UT0,12476.66,249.53,44.92,12182.21,BNK8999183,12182.21,UPI/151785130539/DineshChoudhary/RAZORPAY,151785130539,0.0,0.0,MATCHED,EXACT_MATCH,99,1,"Exact match on ERP<->Gateway<->Bank. UTR=151785130539, Gross=INR 12,476.66, Net=INR 12,182.21, Bank credit=INR 12,182.21. Math valid (ERP delta=0.0, GW delta=0.0). No anomalies detected.",,NONE
ERP-2026-0010,Vikram Joshi,2026-08-11,47768.49,955.37,171.97,46641.15,pay_VYIE6IVWPVS7HZ,47768.49,955.37,171.97,46641.15,BNK7640184,46641.15,RTGS/388787957213/RAZORPAYPAYMENTS/SETTLE,388787957213,0.0,0.0,MATCHED,EXACT_MATCH,99,1,"Exact match on ERP<->Gateway<->Bank. UTR=388787957213, Gross=INR 47,768.49, Net=INR 46,641.15, Bank credit=INR 46,641.15. Math valid (ERP delta=0.0, GW delta=0.0). No anomalies detected.",,NONE
ERP-2026-0011,Arjun Mehta,2026-08-22,139797.53,2795.95,503.27,136498.31,pay_AWUDTSEMCIKPTK,139797.53,2795.95,503.27,136498.31,BNK9874152,136498.31,NEFT-820726006289-ArjunMehta-REF6-0011,820726006289,0.0,0.0,MATCHED,EXACT_MATCH,99,1,"Exact match on ERP<->Gateway<->Bank. UTR=820726006289, Gross=INR 139,797.53, Net=INR 136,498.31, Bank credit=INR 136,498.31. Math valid (ERP delta=0.0, GW delta=0.0). No anomalies detected.",,NONE
ERP-2026-0012,Arjun Mehta,2026-08-19,146979.79,2939.6,529.13,143511.06,pay_J60FKHMY4SJ6BW,146979.79,2939.6,529.13,143511.06,,0.0,,404209733660,0.0,0.0,EXCEPTION,MISSING_BANK,97,2,"Gateway shows settlement (UTR=404209733660, net=INR 143,511.06) but no corresponding bank credit found by exact UTR lookup, fuzzy narration search, or amount+hint corroboration. Possible: bank credit pending, wrong account, or bank file incomplete.",MISSING_BANK,A5
ERP-2026-0013,Amit Gupta,2026-07-16,53374.96,1067.5,192.15,52115.31,pay_TPAC56T4UFEL62,53374.96,1067.5,192.15,52115.31,BNK7003042,52115.31,RAZORPAY SETTLEMENTS 146646362417,146646362417,0.0,0.0,MATCHED,EXACT_MATCH,99,1,"Exact match on ERP<->Gateway<->Bank. UTR=146646362417, Gross=INR 53,374.96, Net=INR 52,115.31, Bank credit=INR 52,115.31. Math valid (ERP delta=0.0, GW delta=0.0). No anomalies detected.",,NONE
ERP-2026-0014,Sunita Kapoor,2026-07-03,30336.14,606.72,109.21,29620.21,,0.0,0.0,0.0,0.0,,0.0,,,0.0,0.0,EXCEPTION,MISSING_GATEWAY,98,1,"No gateway settlement row found for ERP record ERP-2026-0014. Payment may not have been processed by the gateway, or the settlement file is incomplete.",MISSING_GATEWAY,A4
ERP-2026-0015,Aditya Srivastava,2026-07-03,65467.28,1309.35,235.68,63922.25,pay_K2IAGL58KXO9T7,65467.28,1309.35,235.68,63922.25,BNK3995870,63922.25,CR-RAZORPAY-387635680418,387635680418,0.0,0.0,MATCHED,EXACT_MATCH,99,1,"Exact match on ERP<->Gateway<->Bank. UTR=387635680418, Gross=INR 65,467.28, Net=INR 63,922.25, Bank credit=INR 63,922.25. Math valid (ERP delta=0.0, GW delta=0.0). No anomalies detected.",,A1
ERP-2026-0016,Sunita Kapoor,2026-07-20,100200.49,2004.01,360.72,97835.76,pay_VSNUJZA7TZ0YNC,100200.49,2004.01,360.72,97835.76,BNK6266630,97835.76,IMPS/784317998415/SunitaKapoor/SETTLE,784317998415,0.0,0.0,MATCHED,EXACT_MATCH,99,1,"Exact match on ERP<->Gateway<->Bank. UTR=784317998415, Gross=INR 100,200.49, Net=INR 97,835.76, Bank credit=INR 97,835.76. Math valid (ERP delta=0.0, GW delta=0.0). No anomalies detected.",,NONE
ERP-2026-0017,Suresh Pillai,2026-07-14,119163.44,2383.27,428.99,116351.18,pay_ZTGXN0GUO4KH2V,119163.44,2383.27,428.99,116351.18,BNK8411939,116351.18,RTGS/612485158138/RAZORPAYPAYMENTS/SETTLE,612485158138,0.0,0.0,MATCHED,EXACT_MATCH,99,1,"Exact match on ERP<->Gateway<->Bank. UTR=612485158138, Gross=INR 119,163.44, Net=INR 116,351.18, Bank credit=INR 116,351.18. Math valid (ERP delta=0.0, GW delta=0.0). No anomalies detected.",,NONE
ERP-2026-0018,Manish Tiwari,2026-07-26,98580.67,1971.61,354.89,96254.17,pay_XKXWD8IL3FB9W1,98580.67,1971.61,354.89,96254.17,BNK4262081,96254.17,NEFT-557222530916-Manish,557222530916,0.0,0.0,MATCHED,EXACT_MATCH,99,1,"Exact match on ERP<->Gateway<->Bank. UTR=557222530916, Gross=INR 98,580.67, Net=INR 96,254.17, Bank credit=INR 96,254.17. Math valid (ERP delta=0.0, GW delta=0.0). No anomalies detected.",,A1
ERP-2026-0019,Kavitha Reddy,2026-07-29,129293.49,2585.87,465.46,126242.16,pay_H2ZQU7EEQTUL1P,129293.49,2585.87,465.46,126242.16,BNK9468772,126242.16,CR-RAZORPAY-893774408754-6-0019,893774408754,0.0,0.0,MATCHED,EXACT_MATCH,99,1,"Exact match on ERP<->Gateway<->Bank. UTR=893774408754, Gross=INR 129,293.49, Net=INR 126,242.16, Bank credit=INR 126,242.16. Math valid (ERP delta=0.0, GW delta=0.0). No anomalies detected.",,NONE
ERP-2026-0020,Rohan Sharma,2026-07-27,70155.68,1403.11,252.56,68500.01,pay_14J1RIPZIM6CFN,70155.68,1403.11,252.56,68500.01,BNK4589533,68500.01,NEFT-873750406882-RohanSharma-REF6-0020,873750406882,0.0,0.0,MATCHED,EXACT_MATCH,99,1,"Exact match on ERP<->Gateway<->Bank. UTR=873750406882, Gross=INR 70,155.68, Net=INR 68,500.01, Bank credit=INR 68,500.01. Math valid (ERP delta=0.0, GW delta=0.0). No anomalies detected.",,NONE
ERP-2026-0021,Meera Agarwal,2026-07-18,4839.21,96.78,17.42,4725.01,pay_3O18A5UR7KO64T,4839.21,96.78,17.42,4725.01,BNK4700025,4725.01,IMPS/700155683410/MeeraAgarwal/SETTLE,700155683410,0.0,0.0,MATCHED,EXACT_MATCH,99,1,"Exact match on ERP<->Gateway<->Bank. UTR=700155683410, Gross=INR 4,839.21, Net=INR 4,725.01, Bank credit=INR 4,725.01. Math valid (ERP delta=0.0, GW delta=0.0). No anomalies detected.",,NONE
ERP-2026-0022,Manish Tiwari,2026-08-18,125319.18,2506.38,451.15,122361.65,pay_0479T6VXDP5GJL,125319.18,2506.38,451.15,122361.65,BNK6662319,122361.65,CR-RAZORPAY-458435204313-6-0022,458435204313,0.0,0.0,MATCHED,EXACT_MATCH,99,1,"Exact match on ERP<->Gateway<->Bank. UTR=458435204313, Gross=INR 125,319.18, Net=INR 122,361.65, Bank credit=INR 122,361.65. Math valid (ERP delta=0.0, GW delta=0.0). No anomalies detected.",,NONE
ERP-2026-0023,Rahul Verma,2026-07-11,144578.34,2891.57,520.48,141166.29,pay_0B8IC8BBI4WIRE,144578.34,2891.57,520.48,141166.29,BNK8801975,141166.29,INB CREDIT RahulVerma 340293786713,340293786713,0.0,0.0,MATCHED,EXACT_MATCH,99,1,"Exact match on ERP<->Gateway<->Bank. UTR=340293786713, Gross=INR 144,578.34, Net=INR 141,166.29, Bank credit=INR 141,166.29. Math valid (ERP delta=0.0, GW delta=0.0). No anomalies detected.",,NONE
ERP-2026-0024,Aditya Srivastava,2026-07-23,99397.44,1987.95,357.83,97051.66,pay_2FLU7U6N7HV3IZ,99397.44,1987.95,357.83,97051.66,BNK3030966,97051.66,NEFT-760068866484-AdityaSrivastava-REF6-0024,760068866484,0.0,0.0,MATCHED,EXACT_MATCH,99,1,"Exact match on ERP<->Gateway<->Bank. UTR=760068866484, Gross=INR 99,397.44, Net=INR 97,051.66, Bank credit=INR 97,051.66. Math valid (ERP delta=0.0, GW delta=0.0). No anomalies detected.",,NONE
ERP-2026-0025,Kavitha Reddy,2026-08-07,127831.12,2556.62,460.19,124814.31,pay_XAPRPN6QFGSXW7,127831.12,2556.62,460.19,124814.31,BNK8799287,124814.31,RTGS/631608037091/RAZORPAYPAYMENTS/SETTLE,631608037091,0.0,0.0,MATCHED,EXACT_MATCH,99,1,"Exact match on ERP<->Gateway<->Bank. UTR=631608037091, Gross=INR 127,831.12, Net=INR 124,814.31, Bank credit=INR 124,814.31. Math valid (ERP delta=0.0, GW delta=0.0). No anomalies detected.",,NONE
ERP-2026-0026,Amit Gupta,2026-07-16,73542.39,1470.85,264.75,71806.79,pay_KQ1UYMRLRMJKV5,73542.39,1470.85,264.75,71806.79,BNK9667566,71806.79,RTGS/110977038883/RAZORPAYPAYMENTS/SETTLE,110977038883,0.0,0.0,MATCHED,EXACT_MATCH,99,1,"Exact match on ERP<->Gateway<->Bank. UTR=110977038883, Gross=INR 73,542.39, Net=INR 71,806.79, Bank credit=INR 71,806.79. Math valid (ERP delta=0.0, GW delta=0.0). No anomalies detected.",,NONE
ERP-2026-0027,Pooja Iyer,2026-07-15,29291.35,585.83,105.45,28600.07,pay_YXR2DHYLURTP0L,29291.35,585.83,105.45,28600.07,BNK5545223,28600.07,NEFT-601234945339-PoojaIyer-REF6-0027,601234945339,0.0,0.0,MATCHED,EXACT_MATCH,99,1,"Exact match on ERP<->Gateway<->Bank. UTR=601234945339, Gross=INR 29,291.35, Net=INR 28,600.07, Bank credit=INR 28,600.07. Math valid (ERP delta=0.0, GW delta=0.0). No anomalies detected.",,NONE
ERP-2026-0028,Priya Nair,2026-07-19,95861.51,1917.23,345.1,93599.18,pay_8YG0JV1V93KMKZ,95861.51,1917.23,345.1,93599.18,BNK1763626,93599.18,RTGS/401191380396/RAZORPAYPAYMENTS/SETTLE,401191380396,0.0,0.0,MATCHED,EXACT_MATCH,99,1,"Exact match on ERP<->Gateway<->Bank. UTR=401191380396, Gross=INR 95,861.51, Net=INR 93,599.18, Bank credit=INR 93,599.18. Math valid (ERP delta=0.0, GW delta=0.0). No anomalies detected.",,NONE
ERP-2026-0029,Rohan Sharma,2026-07-08,91144.49,1822.89,328.12,88993.48,pay_DAKRM8J5ECRUYF,91144.49,1855.72,328.12,88960.65,,0.0,,721959119309,32.83,0.0,EXCEPTION,MAJOR_FEE_VARIANCE,94,1,"Major gateway fee variance: ERP fee=INR 1,822.89, Gateway fee=INR 1,855.72, delta=INR 32.83. Exceeds auto-resolution threshold of INR 5.00. Requires manual review and possible gateway debit-note.",MAJOR_FEE_VARIANCE,A3
ERP-2026-0030,Suresh Pillai,2026-08-08,5379.66,107.59,19.37,5252.7,pay_6KVPUC8D1WJCIT,5379.66,107.59,19.37,5252.7,BNK7853787,5252.7,IMPS/100672302490/SureshPillai/SETTLE,100672302490,0.0,0.0,MATCHED,EXACT_MATCH,99,1,"Exact match on ERP<->Gateway<->Bank. UTR=100672302490, Gross=INR 5,379.66, Net=INR 5,252.70, Bank credit=INR 5,252.70. Math valid (ERP delta=0.0, GW delta=0.0). No anomalies detected.",,NONE
ERP-2026-0031,Rekha Menon,2026-08-22,66153.44,1323.07,238.15,64592.22,pay_ZQY72WX7PTX63C,66153.44,1323.07,238.15,64592.22,BNK6160869,64592.22,CR-RAZORPAY-968296026728-6-0031,968296026728,0.0,0.0,MATCHED,EXACT_MATCH,99,1,"Exact match on ERP<->Gateway<->Bank. UTR=968296026728, Gross=INR 66,153.44, Net=INR 64,592.22, Bank credit=INR 64,592.22. Math valid (ERP delta=0.0, GW delta=0.0). No anomalies detected.",,NONE
ERP-2026-0032,Aditya Srivastava,2026-08-18,78085.09,1561.7,281.11,76242.28,,0.0,0.0,0.0,0.0,,0.0,,,0.0,0.0,EXCEPTION,MISSING_GATEWAY,98,1,"No gateway settlement row found for ERP record ERP-2026-0032. Payment may not have been processed by the gateway, or the settlement file is incomplete.",MISSING_GATEWAY,A4
ERP-2026-0033,Rohan Sharma,2026-07-17,145542.62,2910.85,523.95,142107.82,pay_GVWRDMLY4LYK83,145542.62,2910.85,523.95,142107.82,BNK8630712,142107.82,CR-RAZORPAY-141017352624-6-0033,141017352624,0.0,0.0,MATCHED,EXACT_MATCH,99,1,"Exact match on ERP<->Gateway<->Bank. UTR=141017352624, Gross=INR 145,542.62, Net=INR 142,107.82, Bank credit=INR 142,107.82. Math valid (ERP delta=0.0, GW delta=0.0). No anomalies detected.",,NONE
ERP-2026-0034,Rekha Menon,2026-08-15,82850.43,1657.01,298.26,80895.16,pay_3A5QBSWRPBJEK5,82850.43,1657.01,298.26,80895.16,BNK1484348,80895.16,RAZORPAY SETTLEMENTS 235225807501,235225807501,0.0,0.0,MATCHED,EXACT_MATCH,99,1,"Exact match on ERP<->Gateway<->Bank. UTR=235225807501, Gross=INR 82,850.43, Net=INR 80,895.16, Bank credit=INR 80,895.16. Math valid (ERP delta=0.0, GW delta=0.0). No anomalies detected.",,NONE
ERP-2026-0035,Vikram Joshi,2026-07-18,140170.13,2803.4,504.61,136862.12,pay_D96QE3RZSJ49IT,140170.13,2803.4,504.61,136862.12,BNK9526867,136862.12,RAZORPAY SETTLEMENTS 307805919610,307805919610,0.0,0.0,MATCHED,EXACT_MATCH,99,1,"Exact match on ERP<->Gateway<->Bank. UTR=307805919610, Gross=INR 140,170.13, Net=INR 136,862.12, Bank credit=INR 136,862.12. Math valid (ERP delta=0.0, GW delta=0.0). No anomalies detected.",,NONE
ERP-2026-0036,Neha Singhania,2026-07-03,71209.95,1424.2,256.36,69529.39,pay_3KKV9RFTMTTQLG,71209.95,1424.2,256.36,69529.39,BNK7425184,69529.39,IMPS CREDIT 36498873,364988738014,0.0,0.0,MATCHED,EXACT_MATCH,99,1,"Exact match on ERP<->Gateway<->Bank. UTR=364988738014, Gross=INR 71,209.95, Net=INR 69,529.39, Bank credit=INR 69,529.39. Math valid (ERP delta=0.0, GW delta=0.0). No anomalies detected.",,A1
ERP-2026-0037,Rohan Sharma,2026-08-20,93677.28,1873.55,337.24,91466.49,pay_92XF8E8LD4D6AF,93677.28,1873.55,337.24,91466.49,BNK3589751,91466.49,CR-RAZORPAY-821000167049-6-0037,821000167049,0.0,0.0,MATCHED,EXACT_MATCH,99,1,"Exact match on ERP<->Gateway<->Bank. UTR=821000167049, Gross=INR 93,677.28, Net=INR 91,466.49, Bank credit=INR 91,466.49. Math valid (ERP delta=0.0, GW delta=0.0). No anomalies detected.",,NONE
ERP-2026-0038,Suresh Pillai,2026-08-14,7375.65,147.51,26.55,7201.59,pay_444NLZ15BCW790,7375.65,147.51,26.55,7201.59,BNK2686231,7201.59,RTGS/933646465420/RAZORPAYPAYMENTS/SETTLE,933646465420,0.0,0.0,MATCHED,EXACT_MATCH,99,1,"Exact match on ERP<->Gateway<->Bank. UTR=933646465420, Gross=INR 7,375.65, Net=INR 7,201.59, Bank credit=INR 7,201.59. Math valid (ERP delta=0.0, GW delta=0.0). No anomalies detected.",,NONE
ERP-2026-0039,Arjun Mehta,2026-07-19,24117.36,482.35,86.82,23548.19,pay_KNFTU2GC5WI6FQ,24117.36,482.35,86.82,23548.19,BNK5283671,23548.19,CR-RAZORPAY-603601998005-6-0039,603601998005,0.0,0.0,MATCHED,EXACT_MATCH,99,1,"Exact match on ERP<->Gateway<->Bank. UTR=603601998005, Gross=INR 24,117.36, Net=INR 23,548.19, Bank credit=INR 23,548.19. Math valid (ERP delta=0.0, GW delta=0.0). No anomalies detected.",,NONE
ERP-2026-0040,Rahul Verma,2026-08-06,146053.62,2921.07,525.79,142606.76,pay_9K8YQK94DNMKZA,146053.62,2921.07,525.79,142606.76,BNK7640518,142606.76,RAZORPAY SETTLEMENTS 825119489915,825119489915,0.0,0.0,MATCHED,EXACT_MATCH,99,1,"Exact match on ERP<->Gateway<->Bank. UTR=825119489915, Gross=INR 146,053.62, Net=INR 142,606.76, Bank credit=INR 142,606.76. Math valid (ERP delta=0.0, GW delta=0.0). No anomalies detected.",,NONE
ERP-2026-0041,Priya Nair,2026-07-24,13974.94,279.5,50.31,13645.13,pay_361I2HGJ11YEDW,13974.94,279.5,50.31,13645.13,BNK8395785,13645.13,IMPS/439471735070/PriyaNair/SETTLE,439471735070,0.0,0.0,MATCHED,EXACT_MATCH,99,1,"Exact match on ERP<->Gateway<->Bank. UTR=439471735070, Gross=INR 13,974.94, Net=INR 13,645.13, Bank credit=INR 13,645.13. Math valid (ERP delta=0.0, GW delta=0.0). No anomalies detected.",,NONE
ERP-2026-0042,Vikram Joshi,2026-08-13,147001.37,2940.03,529.21,143532.13,pay_0GET8T63J3R30M,147001.37,2940.03,529.21,143532.13,BNK2263313,143532.13,RTGS/611595758355/RAZORPAYPAYMENTS/SETTLE,611595758355,0.0,0.0,MATCHED,EXACT_MATCH,99,1,"Exact match on ERP<->Gateway<->Bank. UTR=611595758355, Gross=INR 147,001.37, Net=INR 143,532.13, Bank credit=INR 143,532.13. Math valid (ERP delta=0.0, GW delta=0.0). No anomalies detected.",,NONE
ERP-2026-0043,Rohan Sharma,2026-08-22,45677.43,913.55,164.44,44599.44,pay_N2ATQYYV37DIA5,45677.43,913.55,164.44,44599.44,BNK4713925,44599.44,CR-RAZORPAY-458893511908-6-0043,458893511908,0.0,0.0,MATCHED,EXACT_MATCH,99,1,"Exact match on ERP<->Gateway<->Bank. UTR=458893511908, Gross=INR 45,677.43, Net=INR 44,599.44, Bank credit=INR 44,599.44. Math valid (ERP delta=0.0, GW delta=0.0). No anomalies detected.",,NONE
ERP-2026-0044,Meera Agarwal,2026-07-27,103696.96,2073.94,373.31,101249.71,pay_F8KRD5EQY08P0F,103696.96,2073.94,373.31,101249.71,BNK2661307,101249.71,UPI/819041453913/MeeraAgarwal/RAZORPAY,819041453913,0.0,0.0,MATCHED,EXACT_MATCH,99,1,"Exact match on ERP<->Gateway<->Bank. UTR=819041453913, Gross=INR 103,696.96, Net=INR 101,249.71, Bank credit=INR 101,249.71. Math valid (ERP delta=0.0, GW delta=0.0). No anomalies detected.",,NONE
ERP-2026-0045,Priya Nair,2026-07-16,31178.23,623.56,112.24,30442.43,pay_QIN9N6XCJ883DH,31178.23,623.56,112.24,30442.43,BNK1358318,30442.43,RTGS/755581630158/RAZORPAYPAYMENTS/SETTLE,755581630158,0.0,0.0,MATCHED,EXACT_MATCH,99,1,"Exact match on ERP<->Gateway<->Bank. UTR=755581630158, Gross=INR 31,178.23, Net=INR 30,442.43, Bank credit=INR 30,442.43. Math valid (ERP delta=0.0, GW delta=0.0). No anomalies detected.",,NONE
ERP-2026-0046,Aditya Srivastava,2026-07-02,8333.65,166.67,30.0,8136.98,pay_HH5LF6A4FEJGXA,8333.65,166.67,30.0,8136.98,BNK4991829,8136.98,INB CREDIT AdityaSrivastava 490905848547,490905848547,0.0,0.0,MATCHED,EXACT_MATCH,99,1,"Exact match on ERP<->Gateway<->Bank. UTR=490905848547, Gross=INR 8,333.65, Net=INR 8,136.98, Bank credit=INR 8,136.98. Math valid (ERP delta=0.0, GW delta=0.0). No anomalies detected.",,NONE
ERP-2026-0047,Meera Agarwal,2026-07-29,48655.72,973.11,175.16,47507.45,pay_S0R2SDS8B25SQ8,48655.72,973.11,175.16,47507.45,BNK2811298,47507.45,UPI/569876368241/MeeraAgarwal/RAZORPAY,569876368241,0.0,0.0,MATCHED,EXACT_MATCH,99,1,"Exact match on ERP<->Gateway<->Bank. UTR=569876368241, Gross=INR 48,655.72, Net=INR 47,507.45, Bank credit=INR 47,507.45. Math valid (ERP delta=0.0, GW delta=0.0). No anomalies detected.",,NONE
ERP-2026-0048,Suresh Pillai,2026-07-27,60110.16,1202.2,216.4,58691.56,pay_EWVZNVKSP2EX5T,60110.16,1202.2,216.4,58691.56,BNK8215376,58691.56,INB CREDIT SureshPillai 339940462494,339940462494,0.0,0.0,MATCHED,EXACT_MATCH,99,1,"Exact match on ERP<->Gateway<->Bank. UTR=339940462494, Gross=INR 60,110.16, Net=INR 58,691.56, Bank credit=INR 58,691.56. Math valid (ERP delta=0.0, GW delta=0.0). No anomalies detected.",,NONE
ERP-2026-0049,Kavitha Reddy,2026-08-12,8191.19,163.82,29.49,7997.88,pay_LLJ8YRDDP0NEC8,8191.19,163.82,29.49,7997.88,BNK3050700,7997.88,IMPS/463189664618/KavithaReddy/SETTLE,463189664618,0.0,0.0,MATCHED,EXACT_MATCH,99,1,"Exact match on ERP<->Gateway<->Bank. UTR=463189664618, Gross=INR 8,191.19, Net=INR 7,997.88, Bank credit=INR 7,997.88. Math valid (ERP delta=0.0, GW delta=0.0). No anomalies detected.",,NONE
ERP-2026-0050,Rekha Menon,2026-08-23,4828.5,96.57,17.38,4714.55,pay_LDSFR4MUEKIPU1,4828.5,96.57,17.38,4714.55,BNK1440466,4714.55,IMPS/776980148875/RekhaMenon/SETTLE,776980148875,0.0,0.0,MATCHED,EXACT_MATCH,99,1,"Exact match on ERP<->Gateway<->Bank. UTR=776980148875, Gross=INR 4,828.50, Net=INR 4,714.55, Bank credit=INR 4,714.55. Math valid (ERP delta=0.0, GW delta=0.0). No anomalies detected.",,NONE
ERP-2026-0051,Priya Nair,2026-07-11,101258.32,2025.17,364.53,98868.62,pay_7MGFXC08DTNQFL,101258.32,2025.17,364.53,98868.62,BNK2425342,98868.62,IMPS/951796738503/PriyaNair/SETTLE,951796738503,0.0,0.0,MATCHED,EXACT_MATCH,99,1,"Exact match on ERP<->Gateway<->Bank. UTR=951796738503, Gross=INR 101,258.32, Net=INR 98,868.62, Bank credit=INR 98,868.62. Math valid (ERP delta=0.0, GW delta=0.0). No anomalies detected.",,NONE
ERP-2026-0052,Amit Gupta,2026-08-18,49554.29,991.09,178.4,48384.8,pay_XRPJ1EPKYRYBOV,49554.29,991.09,178.4,48384.8,BNK6056977,48384.8,NEFT-323371315180-AmitGupta-REF6-0052,323371315180,0.0,0.0,MATCHED,EXACT_MATCH,99,1,"Exact match on ERP<->Gateway<->Bank. UTR=323371315180, Gross=INR 49,554.29, Net=INR 48,384.80, Bank credit=INR 48,384.80. Math valid (ERP delta=0.0, GW delta=0.0). No anomalies detected.",,NONE
ERP-2026-0053,Pooja Iyer,2026-07-26,26195.04,523.9,94.3,25576.84,pay_0GNZS43C5BA75U,26195.04,523.9,94.3,25576.84,BNK8007741,25576.84,RAZORPAY SETTLEMENTS 544844364378,544844364378,0.0,0.0,MATCHED,EXACT_MATCH,99,1,"Exact match on ERP<->Gateway<->Bank. UTR=544844364378, Gross=INR 26,195.04, Net=INR 25,576.84, Bank credit=INR 25,576.84. Math valid (ERP delta=0.0, GW delta=0.0). No anomalies detected.",,NONE
ERP-2026-0054,Anjali Desai,2026-08-22,35822.19,716.44,128.96,34976.79,pay_37D4IVSOLMLGSE,35822.19,716.44,128.96,34976.79,BNK6861544,34976.79,UPI/312643624935/AnjaliDesai/RAZORPAY,312643624935,0.0,0.0,MATCHED,EXACT_MATCH,99,1,"Exact match on ERP<->Gateway<->Bank. UTR=312643624935, Gross=INR 35,822.19, Net=INR 34,976.79, Bank credit=INR 34,976.79. Math valid (ERP delta=0.0, GW delta=0.0). No anomalies detected.",,NONE
ERP-2026-0055,Suresh Pillai,2026-07-31,45771.66,915.43,164.78,44691.45,pay_HV1XG1R11Q7UWW,45771.66,918.59,164.78,44688.29,BNK3532644,44688.29,IMPS/446291261920/SureshPillai/SETTLE,446291261920,3.16,3.16,REVIEW,MINOR_FEE_VARIANCE,82,1,"Minor gateway fee variance detected: ERP fee=INR 915.43, Gateway fee=INR 918.59, delta=INR 3.16. Within policy threshold of INR 5.00. Net amounts reconcile. Flagged for periodic fee audit.",,A2
ERP-2026-0056,Sanjay Bhat,2026-07-31,143679.49,2873.59,517.25,140288.65,pay_CQBNKX9DVNU80B,143679.49,2873.59,517.25,140288.65,BNK4158134,140288.65,CR-RAZORPAY-992962570107-6-0056,992962570107,0.0,0.0,MATCHED,EXACT_MATCH,99,1,"Exact match on ERP<->Gateway<->Bank. UTR=992962570107, Gross=INR 143,679.49, Net=INR 140,288.65, Bank credit=INR 140,288.65. Math valid (ERP delta=0.0, GW delta=0.0). No anomalies detected.",,NONE
ERP-2026-0057,Sanjay Bhat,2026-07-22,101917.71,2038.35,366.9,99512.46,pay_349DXBZ9SVN7N1,101917.71,2038.35,366.9,99512.46,BNK1878547,99512.46,IMPS/760045839791/SanjayBhat/SETTLE,760045839791,0.0,0.0,MATCHED,EXACT_MATCH,99,1,"Exact match on ERP<->Gateway<->Bank. UTR=760045839791, Gross=INR 101,917.71, Net=INR 99,512.46, Bank credit=INR 99,512.46. Math valid (ERP delta=0.0, GW delta=0.0). No anomalies detected.",,NONE
ERP-2026-0058,Vikram Joshi,2026-08-14,136910.97,2738.22,492.88,133679.87,pay_0X65MUFM8ZOV7L,136910.97,2738.22,492.88,133679.87,BNK6510922,133679.87,NEFT-805992461852-VikramJoshi-REF6-0058,805992461852,0.0,0.0,MATCHED,EXACT_MATCH,99,1,"Exact match on ERP<->Gateway<->Bank. UTR=805992461852, Gross=INR 136,910.97, Net=INR 133,679.87, Bank credit=INR 133,679.87. Math valid (ERP delta=0.0, GW delta=0.0). No anomalies detected.",,NONE
ERP-2026-0059,Rekha Menon,2026-08-08,24755.96,495.12,89.12,24171.72,pay_SAL8M1G9FK2ST0,24755.96,495.12,89.12,24171.72,BNK6649968,24171.72,RTGS/140916141812/RAZORPAYPAYMENTS/SETTLE,140916141812,0.0,0.0,MATCHED,EXACT_MATCH,99,1,"Exact match on ERP<->Gateway<->Bank. UTR=140916141812, Gross=INR 24,755.96, Net=INR 24,171.72, Bank credit=INR 24,171.72. Math valid (ERP delta=0.0, GW delta=0.0). No anomalies detected.",,NONE
ERP-2026-0060,Aditya Srivastava,2026-07-30,75684.55,1513.69,272.46,73898.4,pay_3FPOYIPK0QTL3Q,75684.55,1513.69,272.46,73898.4,BNK7171347,73898.4,CR-RAZORPAY-314040182215-6-0060,314040182215,0.0,0.0,MATCHED,EXACT_MATCH,99,1,"Exact match on ERP<->Gateway<->Bank. UTR=314040182215, Gross=INR 75,684.55, Net=INR 73,898.40, Bank credit=INR 73,898.40. Math valid (ERP delta=0.0, GW delta=0.0). No anomalies detected.",,NONE
ERP-2026-0061,Suresh Pillai,2026-07-02,59769.87,1195.4,215.17,58359.3,pay_32EJX5TD44K1J6,59769.87,1195.4,215.17,58359.3,BNK4725179,58359.3,IMPS/200663178163/SureshPillai/SETTLE,200663178163,0.0,0.0,MATCHED,EXACT_MATCH,99,1,"Exact match on ERP<->Gateway<->Bank. UTR=200663178163, Gross=INR 59,769.87, Net=INR 58,359.30, Bank credit=INR 58,359.30. Math valid (ERP delta=0.0, GW delta=0.0). No anomalies detected.",,NONE
ERP-2026-0062,Arjun Mehta,2026-07-14,141063.78,2821.28,507.83,137734.67,pay_NCILDZMFB7R31Q,141063.78,2821.28,507.83,137734.67,BNK2329187,137734.67,RAZORPAY SETTLEMENTS 106937867936,106937867936,0.0,0.0,MATCHED,EXACT_MATCH,99,1,"Exact match on ERP<->Gateway<->Bank. UTR=106937867936, Gross=INR 141,063.78, Net=INR 137,734.67, Bank credit=INR 137,734.67. Math valid (ERP delta=0.0, GW delta=0.0). No anomalies detected.",,NONE
ERP-2026-0063,Rekha Menon,2026-07-16,28503.43,570.07,102.61,27830.75,pay_P1IEIXWC4RTWUZ,28503.43,570.07,102.61,27830.75,BNK1026245,27830.75,INB CREDIT RekhaMenon 569402438924,569402438924,0.0,0.0,MATCHED,EXACT_MATCH,99,1,"Exact match on ERP<->Gateway<->Bank. UTR=569402438924, Gross=INR 28,503.43, Net=INR 27,830.75, Bank credit=INR 27,830.75. Math valid (ERP delta=0.0, GW delta=0.0). No anomalies detected.",,NONE
ERP-2026-0064,Aditya Srivastava,2026-08-18,7128.19,142.56,25.66,6959.97,pay_SM8T2SA5BNN0MC,7128.19,142.56,25.66,6959.97,BNK2739191,6959.97,RAZORPAY SETTLEMENTS 904194512296,904194512296,0.0,0.0,MATCHED,EXACT_MATCH,99,1,"Exact match on ERP<->Gateway<->Bank. UTR=904194512296, Gross=INR 7,128.19, Net=INR 6,959.97, Bank credit=INR 6,959.97. Math valid (ERP delta=0.0, GW delta=0.0). No anomalies detected.",,NONE
ERP-2026-0065,Manish Tiwari,2026-07-31,113116.99,2262.34,407.22,110447.43,pay_3G2QZW3C1QKBHB,113116.99,2262.34,407.22,110447.43,BNK9646701,110447.43,UPI/443311214228/ManishTiwari/RAZORPAY,443311214228,0.0,0.0,MATCHED,EXACT_MATCH,99,1,"Exact match on ERP<->Gateway<->Bank. UTR=443311214228, Gross=INR 113,116.99, Net=INR 110,447.43, Bank credit=INR 110,447.43. Math valid (ERP delta=0.0, GW delta=0.0). No anomalies detected.",,NONE
ERP-2026-0066,Kavitha Reddy,2026-07-28,82048.42,1640.97,295.37,80112.08,pay_M25LEN606N9RR7,82048.42,1640.97,295.37,80112.08,BNK2385991,80112.08,IMPS/394288048932/KavithaReddy/SETTLE,394288048932,0.0,0.0,MATCHED,EXACT_MATCH,99,1,"Exact match on ERP<->Gateway<->Bank. UTR=394288048932, Gross=INR 82,048.42, Net=INR 80,112.08, Bank credit=INR 80,112.08. Math valid (ERP delta=0.0, GW delta=0.0). No anomalies detected.",,NONE
ERP-2026-0067,Anjali Desai,2026-08-21,24418.02,488.36,87.9,23841.76,pay_CXLVPYMB5M9J98,24418.02,488.36,87.9,23841.76,BNK7815076,23841.76,NEFT-834761706971-AnjaliDesai-REF6-0067,834761706971,0.0,0.0,MATCHED,EXACT_MATCH,99,1,"Exact match on ERP<->Gateway<->Bank. UTR=834761706971, Gross=INR 24,418.02, Net=INR 23,841.76, Bank credit=INR 23,841.76. Math valid (ERP delta=0.0, GW delta=0.0). No anomalies detected.",,NONE
ERP-2026-0068,Manish Tiwari,2026-08-11,144097.75,2881.95,518.75,140697.05,pay_4YPEIXN8BFQNPC,144097.75,2881.95,518.75,140697.05,BNK7156398,140697.05,NEFT-680411980930-ManishTiwari-REF6-0068,680411980930,0.0,0.0,MATCHED,EXACT_MATCH,99,1,"Exact match on ERP<->Gateway<->Bank. UTR=680411980930, Gross=INR 144,097.75, Net=INR 140,697.05, Bank credit=INR 140,697.05. Math valid (ERP delta=0.0, GW delta=0.0). No anomalies detected.",,NONE
ERP-2026-0069,Anjali Desai,2026-07-05,43909.16,878.18,158.07,42872.91,pay_RNUJJQ9K6RE4Q6,43909.16,878.18,158.07,42872.91,BNK6361793,42872.91,IMPS/989435288623/AnjaliDesai/SETTLE,989435288623,0.0,0.0,MATCHED,EXACT_MATCH,99,1,"Exact match on ERP<->Gateway<->Bank. UTR=989435288623, Gross=INR 43,909.16, Net=INR 42,872.91, Bank credit=INR 42,872.91. Math valid (ERP delta=0.0, GW delta=0.0). No anomalies detected.",,NONE
ERP-2026-0070,Manish Tiwari,2026-08-16,61913.87,1238.28,222.89,60452.7,pay_Z7W2SEHE2ATN2T,61913.87,1238.28,222.89,60452.7,BNK6189037,60452.7,RTGS/SETTL/169089***,169089769417,0.0,0.0,MATCHED,EXACT_MATCH,99,1,"Exact match on ERP<->Gateway<->Bank. UTR=169089769417, Gross=INR 61,913.87, Net=INR 60,452.70, Bank credit=INR 60,452.70. Math valid (ERP delta=0.0, GW delta=0.0). No anomalies detected.",,A1
ERP-2026-0071,Deepika Rao,2026-07-21,52230.45,1044.61,188.03,50997.81,pay_ELCQSE3TV1ES53,52230.45,1044.61,188.03,50997.81,BNK6102363,50997.81,RAZORPAY SETTLEMENTS 269728956268,269728956268,0.0,0.0,MATCHED,EXACT_MATCH,99,1,"Exact match on ERP<->Gateway<->Bank. UTR=269728956268, Gross=INR 52,230.45, Net=INR 50,997.81, Bank credit=INR 50,997.81. Math valid (ERP delta=0.0, GW delta=0.0). No anomalies detected.",,NONE
ERP-2026-0072,Rohan Sharma,2026-08-11,97843.93,1956.88,352.24,95534.81,pay_4JWTEKTSG7FXZV,97843.93,1956.88,352.24,95534.81,BNK1476028,95534.81,RTGS/145370393987/RAZORPAYPAYMENTS/SETTLE,145370393987,0.0,0.0,MATCHED,EXACT_MATCH,99,1,"Exact match on ERP<->Gateway<->Bank. UTR=145370393987, Gross=INR 97,843.93, Net=INR 95,534.81, Bank credit=INR 95,534.81. Math valid (ERP delta=0.0, GW delta=0.0). No anomalies detected.",,NONE
ERP-2026-0073,Sanjay Bhat,2026-07-21,146318.43,2926.37,526.75,142865.31,pay_OXRWK8R2YKCCPR,146318.43,2926.37,526.75,142865.31,BNK3410360,142865.31,UPI/474538426922/SanjayBhat/RAZORPAY,474538426922,0.0,0.0,MATCHED,EXACT_MATCH,99,1,"Exact match on ERP<->Gateway<->Bank. UTR=474538426922, Gross=INR 146,318.43, Net=INR 142,865.31, Bank credit=INR 142,865.31. Math valid (ERP delta=0.0, GW delta=0.0). No anomalies detected.",,NONE
ERP-2026-0074,Deepika Rao,2026-08-02,131921.81,2638.44,474.92,128808.45,pay_SDIEQFB85P8637,131921.81,2638.44,474.92,128808.45,BNK4184887,128808.45,CR-RAZORPAY-446694606719-6-0074,446694606719,0.0,0.0,MATCHED,EXACT_MATCH,99,1,"Exact match on ERP<->Gateway<->Bank. UTR=446694606719, Gross=INR 131,921.81, Net=INR 128,808.45, Bank credit=INR 128,808.45. Math valid (ERP delta=0.0, GW delta=0.0). No anomalies detected.",,NONE
ERP-2026-0075,Manish Tiwari,2026-07-03,85757.11,1715.14,308.73,83733.24,pay_DOQIVBKV4YKADE,85757.11,1715.14,308.73,83733.24,BNK7136730,83733.24,UPI/899999819493/ManishTiwari/RAZORPAY,899999819493,0.0,0.0,MATCHED,EXACT_MATCH,99,1,"Exact match on ERP<->Gateway<->Bank. UTR=899999819493, Gross=INR 85,757.11, Net=INR 83,733.24, Bank credit=INR 83,733.24. Math valid (ERP delta=0.0, GW delta=0.0). No anomalies detected.",,NONE
ERP-2026-0076,Manish Tiwari,2026-07-03,20986.94,419.74,75.55,20491.65,,0.0,0.0,0.0,0.0,,0.0,,,0.0,0.0,EXCEPTION,MISSING_GATEWAY,98,1,"No gateway settlement row found for ERP record ERP-2026-0076. Payment may not have been processed by the gateway, or the settlement file is incomplete.",MISSING_GATEWAY,A4
ERP-2026-0077,Anjali Desai,2026-08-13,87763.47,1755.27,315.95,85692.25,pay_SF6F7LOW4VSSRU,87763.47,1755.27,315.95,85692.25,BNK1279121,85692.25,RTGS/995392845738/RAZORPAYPAYMENTS/SETTLE,995392845738,0.0,0.0,MATCHED,EXACT_MATCH,99,1,"Exact match on ERP<->Gateway<->Bank. UTR=995392845738, Gross=INR 87,763.47, Net=INR 85,692.25, Bank credit=INR 85,692.25. Math valid (ERP delta=0.0, GW delta=0.0). No anomalies detected.",,NONE
ERP-2026-0078,Arjun Mehta,2026-07-21,62237.54,1244.75,224.05,60768.74,pay_VJX8UIBRSZ1N3I,62237.54,1244.75,224.05,60768.74,BNK4200829,60768.74,UPI/223267798693/ArjunMehta/RAZORPAY,223267798693,0.0,0.0,MATCHED,EXACT_MATCH,99,1,"Exact match on ERP<->Gateway<->Bank. UTR=223267798693, Gross=INR 62,237.54, Net=INR 60,768.74, Bank credit=INR 60,768.74. Math valid (ERP delta=0.0, GW delta=0.0). No anomalies detected.",,NONE
ERP-2026-0079,Rekha Menon,2026-07-13,83933.95,1678.68,302.16,81953.11,pay_SWQ40ZSU9RN8QT,83933.95,1678.68,302.16,81953.11,BNK5435261,81953.11,UPI/488893282253/RekhaMenon/RAZORPAY,488893282253,0.0,0.0,MATCHED,EXACT_MATCH,99,1,"Exact match on ERP<->Gateway<->Bank. UTR=488893282253, Gross=INR 83,933.95, Net=INR 81,953.11, Bank credit=INR 81,953.11. Math valid (ERP delta=0.0, GW delta=0.0). No anomalies detected.",,NONE
ERP-2026-0080,Pooja Iyer,2026-07-19,52281.35,1045.63,188.21,51047.51,pay_1ZYRRU7ZKUT6OM,52281.35,1045.63,188.21,51047.51,BNK3457461,51047.51,CR-RAZORPAY-983788581667-6-0080,983788581667,0.0,0.0,MATCHED,EXACT_MATCH,99,1,"Exact match on ERP<->Gateway<->Bank. UTR=983788581667, Gross=INR 52,281.35, Net=INR 51,047.51, Bank credit=INR 51,047.51. Math valid (ERP delta=0.0, GW delta=0.0). No anomalies detected.",,NONE
ERP-2026-0081,Sunita Kapoor,2026-08-19,144695.56,2893.91,520.9,141280.75,pay_0H3JUJD0IB6IID,144695.56,2893.91,520.9,141280.75,BNK8925622,141280.75,UPI/887397615467/SunitaKapoor/RAZORPAY,887397615467,0.0,0.0,MATCHED,EXACT_MATCH,99,1,"Exact match on ERP<->Gateway<->Bank. UTR=887397615467, Gross=INR 144,695.56, Net=INR 141,280.75, Bank credit=INR 141,280.75. Math valid (ERP delta=0.0, GW delta=0.0). No anomalies detected.",,NONE
ERP-2026-0082,Deepika Rao,2026-08-23,28353.59,567.07,102.07,27684.45,pay_X5RX1KKC1XI04B,28353.59,567.07,102.07,27684.45,BNK8010946,27684.45,CR-RAZORPAY-292936248351,292936248351,0.0,0.0,MATCHED,EXACT_MATCH,99,1,"Exact match on ERP<->Gateway<->Bank. UTR=292936248351, Gross=INR 28,353.59, Net=INR 27,684.45, Bank credit=INR 27,684.45. Math valid (ERP delta=0.0, GW delta=0.0). No anomalies detected.",,A1
ERP-2026-0083,Deepika Rao,2026-08-17,85383.29,1707.67,307.38,83368.24,pay_AUD9K9TR74QGEF,85383.29,1707.67,307.38,83368.24,BNK5316188,83368.24,RTGS/810640626473/RAZORPAYPAYMENTS/SETTLE,810640626473,0.0,0.0,MATCHED,EXACT_MATCH,99,1,"Exact match on ERP<->Gateway<->Bank. UTR=810640626473, Gross=INR 85,383.29, Net=INR 83,368.24, Bank credit=INR 83,368.24. Math valid (ERP delta=0.0, GW delta=0.0). No anomalies detected.",,NONE
ERP-2026-0084,Aditya Srivastava,2026-08-06,98225.66,1964.51,353.61,95907.54,pay_G463SDYGFLIJI1,98225.66,1964.51,353.61,95907.54,BNK6065810,95907.54,INB CREDIT AdityaSrivastava 464874801234,464874801234,0.0,0.0,MATCHED,EXACT_MATCH,99,1,"Exact match on ERP<->Gateway<->Bank. UTR=464874801234, Gross=INR 98,225.66, Net=INR 95,907.54, Bank credit=INR 95,907.54. Math valid (ERP delta=0.0, GW delta=0.0). No anomalies detected.",,NONE
ERP-2026-0085,Kavitha Reddy,2026-08-05,120398.25,2407.97,433.43,117556.85,pay_CELOS6ZLE6KWHE,120398.25,2407.97,433.43,117556.85,BNK7268384,117556.85,RTGS/598874133330/RAZORPAYPAYMENTS/SETTLE,598874133330,0.0,0.0,MATCHED,EXACT_MATCH,99,1,"Exact match on ERP<->Gateway<->Bank. UTR=598874133330, Gross=INR 120,398.25, Net=INR 117,556.85, Bank credit=INR 117,556.85. Math valid (ERP delta=0.0, GW delta=0.0). No anomalies detected.",,NONE
ERP-2026-0086,Sunita Kapoor,2026-07-14,73579.78,1471.6,264.89,71843.29,pay_1YV2STN7E36HTF,73579.78,1471.6,264.89,71843.29,BNK8412854,71843.29,RAZORPAY SETTLEMENTS 674900639822,674900639822,0.0,0.0,MATCHED,EXACT_MATCH,99,1,"Exact match on ERP<->Gateway<->Bank. UTR=674900639822, Gross=INR 73,579.78, Net=INR 71,843.29, Bank credit=INR 71,843.29. Math valid (ERP delta=0.0, GW delta=0.0). No anomalies detected.",,NONE
ERP-2026-0087,Rohan Sharma,2026-07-03,27407.21,548.14,98.67,26760.4,pay_3QSQCQ30O30UBM,27407.21,548.14,98.67,26760.4,,0.0,,692979333587,0.0,0.0,EXCEPTION,MISSING_BANK,97,2,"Gateway shows settlement (UTR=692979333587, net=INR 26,760.40) but no corresponding bank credit found by exact UTR lookup, fuzzy narration search, or amount+hint corroboration. Possible: bank credit pending, wrong account, or bank file incomplete.",MISSING_BANK,A5
ERP-2026-0088,Arjun Mehta,2026-07-30,81894.58,1637.89,294.82,79961.87,pay_N6Q7NC85E4E9OE,81894.58,1637.89,294.82,79961.87,BNK1058272,79961.87,RAZORPAY SETTLEMENTS 349016725058,349016725058,0.0,0.0,MATCHED,EXACT_MATCH,99,1,"Exact match on ERP<->Gateway<->Bank. UTR=349016725058, Gross=INR 81,894.58, Net=INR 79,961.87, Bank credit=INR 79,961.87. Math valid (ERP delta=0.0, GW delta=0.0). No anomalies detected.",,NONE
ERP-2026-0089,Neha Singhania,2026-07-03,35533.72,710.67,127.92,34695.13,pay_3IMJ70E3P15AHD,35533.72,710.67,127.92,34695.13,BNK1816653,34695.13,UPI/589770480738/NehaSinghania/RAZORPAY,589770480738,0.0,0.0,MATCHED,EXACT_MATCH,99,1,"Exact match on ERP<->Gateway<->Bank. UTR=589770480738, Gross=INR 35,533.72, Net=INR 34,695.13, Bank credit=INR 34,695.13. Math valid (ERP delta=0.0, GW delta=0.0). No anomalies detected.",,NONE
ERP-2026-0090,Lakshmi Narayanan,2026-07-04,100865.71,2017.31,363.12,98485.28,pay_F9I6UU13I59SOJ,100865.71,2017.31,363.12,98485.28,BNK8167236,98485.28,RTGS/787946958681/RAZORPAYPAYMENTS/SETTLE,787946958681,0.0,0.0,MATCHED,EXACT_MATCH,99,1,"Exact match on ERP<->Gateway<->Bank. UTR=787946958681, Gross=INR 100,865.71, Net=INR 98,485.28, Bank credit=INR 98,485.28. Math valid (ERP delta=0.0, GW delta=0.0). No anomalies detected.",,NONE
ERP-2026-0091,Rahul Verma,2026-07-22,138372.8,2767.46,498.14,135107.2,pay_LOFN1R4KZ36U8U,138372.8,2767.46,498.14,135107.2,BNK5074489,135107.2,RTGS/525777686278/RAZORPAYPAYMENTS/SETTLE,525777686278,0.0,0.0,MATCHED,EXACT_MATCH,99,1,"Exact match on ERP<->Gateway<->Bank. UTR=525777686278, Gross=INR 138,372.80, Net=INR 135,107.20, Bank credit=INR 135,107.20. Math valid (ERP delta=0.0, GW delta=0.0). No anomalies detected.",,NONE
ERP-2026-0092,Sunita Kapoor,2026-08-18,104496.13,2089.92,376.19,102030.02,pay_D0GJYV5G10UR5L,104496.13,2089.92,376.19,102030.02,BNK4188068,102030.02,INB CREDIT SunitaKapoor 331994091775,331994091775,0.0,0.0,MATCHED,EXACT_MATCH,99,1,"Exact match on ERP<->Gateway<->Bank. UTR=331994091775, Gross=INR 104,496.13, Net=INR 102,030.02, Bank credit=INR 102,030.02. Math valid (ERP delta=0.0, GW delta=0.0). No anomalies detected.",,NONE
ERP-2026-0093,Kavitha Reddy,2026-08-06,22315.45,446.31,80.34,21788.8,pay_OILKQXLM5Q201L,22315.45,446.31,80.34,21788.8,BNK6249960,21788.8,IMPS/504599351747/KavithaReddy/SETTLE,504599351747,0.0,0.0,MATCHED,EXACT_MATCH,99,1,"Exact match on ERP<->Gateway<->Bank. UTR=504599351747, Gross=INR 22,315.45, Net=INR 21,788.80, Bank credit=INR 21,788.80. Math valid (ERP delta=0.0, GW delta=0.0). No anomalies detected.",,NONE
ERP-2026-0094,Anjali Desai,2026-07-09,73503.29,1470.07,264.61,71768.61,pay_7UPFLN4RXYJ38X,73503.29,1470.07,264.61,71768.61,BNK3822492,71768.61,RAZORPAY SETTLEMENTS 604618265615,604618265615,0.0,0.0,MATCHED,EXACT_MATCH,99,1,"Exact match on ERP<->Gateway<->Bank. UTR=604618265615, Gross=INR 73,503.29, Net=INR 71,768.61, Bank credit=INR 71,768.61. Math valid (ERP delta=0.0, GW delta=0.0). No anomalies detected.",,NONE
ERP-2026-0095,Meera Agarwal,2026-07-01,61995.11,1239.9,223.18,60532.03,pay_S4C3BAEWCFHQCW,61995.11,1239.9,223.18,60532.03,BNK9106820,60532.03,RTGS/SETTL/778320***,778320951396,0.0,0.0,MATCHED,EXACT_MATCH,99,1,"Exact match on ERP<->Gateway<->Bank. UTR=778320951396, Gross=INR 61,995.11, Net=INR 60,532.03, Bank credit=INR 60,532.03. Math valid (ERP delta=0.0, GW delta=0.0). No anomalies detected.",,A1
ERP-2026-0096,Suresh Pillai,2026-07-16,45346.21,906.92,163.25,44276.04,pay_TKSZP7G7SIWJM2,45346.21,906.92,163.25,44276.04,BNK7812009,44276.04,RTGS/508361278207/RAZORPAYPAYMENTS/SETTLE,508361278207,0.0,0.0,MATCHED,EXACT_MATCH,99,1,"Exact match on ERP<->Gateway<->Bank. UTR=508361278207, Gross=INR 45,346.21, Net=INR 44,276.04, Bank credit=INR 44,276.04. Math valid (ERP delta=0.0, GW delta=0.0). No anomalies detected.",,NONE
ERP-2026-0097,Aditya Srivastava,2026-07-18,102822.1,2056.44,370.16,100395.5,pay_X41DNTCAGRP2U4,102822.1,2056.44,370.16,100395.5,BNK4546989,100395.5,IMPS/349290861585/AdityaSrivastava/SETTLE,349290861585,0.0,0.0,MATCHED,EXACT_MATCH,99,1,"Exact match on ERP<->Gateway<->Bank. UTR=349290861585, Gross=INR 102,822.10, Net=INR 100,395.50, Bank credit=INR 100,395.50. Math valid (ERP delta=0.0, GW delta=0.0). No anomalies detected.",,NONE
ERP-2026-0098,Manish Tiwari,2026-07-09,12224.94,244.5,44.01,11936.43,pay_UB7L8V1ZOCFI4O,12224.94,244.5,44.01,11936.43,BNK6565503,11936.43,INB CREDIT ManishTiwari 696556035704,696556035704,0.0,0.0,MATCHED,EXACT_MATCH,99,1,"Exact match on ERP<->Gateway<->Bank. UTR=696556035704, Gross=INR 12,224.94, Net=INR 11,936.43, Bank credit=INR 11,936.43. Math valid (ERP delta=0.0, GW delta=0.0). No anomalies detected.",,NONE
ERP-2026-0099,Rohan Sharma,2026-07-19,11489.25,229.78,41.36,11218.11,pay_BP4M18O1BJ9RM7,11489.25,229.78,41.36,11218.11,BNK7376562,11218.11,IMPS/303718235716/RohanSharma/SETTLE,303718235716,0.0,0.0,MATCHED,EXACT_MATCH,99,1,"Exact match on ERP<->Gateway<->Bank. UTR=303718235716, Gross=INR 11,489.25, Net=INR 11,218.11, Bank credit=INR 11,218.11. Math valid (ERP delta=0.0, GW delta=0.0). No anomalies detected.",,NONE
ERP-2026-0100,Anjali Desai,2026-07-06,117773.59,2355.47,423.98,114994.14,pay_N2FOMD7Q1DDPUS,117773.59,2355.47,423.98,114994.14,BNK2503554,114994.14,RTGS/126213443527/RAZORPAYPAYMENTS/SETTLE,126213443527,0.0,0.0,MATCHED,EXACT_MATCH,99,1,"Exact match on ERP<->Gateway<->Bank. UTR=126213443527, Gross=INR 117,773.59, Net=INR 114,994.14, Bank credit=INR 114,994.14. Math valid (ERP delta=0.0, GW delta=0.0). No anomalies detected.",,NONE
